Domain Name,Domain privacy protection status,Domain status at NC,Domain auto-renew status,Domain expiration date
adelgazacomiendograsa.com,ON,Active,OFF,Jan 17 2027
agisunrise.com,ON,Active,ON,Dec 18 2026
agizent.com,ON,Active,ON,Dec 18 2026
aiapp.bet,ON,Active,ON,Nov 26 2026
aiappbet.com,ON,Active,OFF,Nov 26 2026
aikillswitch.org,ON,Active,OFF,Jan 31 2027
airedbutton.com,ON,Active,OFF,Jan 31 2027
aistopbutton.com,ON,Active,OFF,Jan 31 2027
aitopdeals.com,ON,Active,OFF,Nov 26 2026
aitopshelf.com,ON,Active,OFF,Dec 03 2026
aitopshops.com,ON,Active,OFF,Dec 03 2026
aitopstuff.com,ON,Active,OFF,Dec 03 2026
aitoptravel.com,ON,Active,OFF,Dec 03 2026
aitoptrips.com,ON,Active,OFF,Dec 03 2026
amoketo.com,ON,Active,ON,Jan 17 2027
amomota.com,ON,Active,ON,May 04 2027
appai.bet,ON,Active,OFF,Nov 26 2026
appaibet.com,ON,Active,OFF,Nov 26 2026
apuesto.ad,OFF,Active,OFF,Nov 05 2026
apuesto.ai,ON,Active,ON,Nov 02 2027
apuesto.casino,ON,Active,OFF,Nov 02 2026
apuesto.xyz,ON,Active,OFF,Nov 02 2026
aquexa.com,ON,Active,ON,Dec 24 2026
aseguranza.ai,ON,Active,ON,Oct 16 2027
aseguranza.online,ON,Active,OFF,Oct 14 2026
automoveis.ai,ON,Active,ON,May 17 2028
automovel.ai,ON,Active,ON,May 17 2028
automovil.ai,ON,Active,ON,Nov 29 2027
automoviles.ai,ON,Active,ON,Oct 14 2027
autopaga.com,ON,Active,ON,Dec 07 2026
bailar.ai,ON,Active,ON,Sep 29 2027
bajapanza.com,ON,Active,ON,Jan 17 2027
bajaturenta.com,ON,Active,OFF,Apr 04 2027
bestslimmeds.com,ON,Active,ON,Dec 01 2026
birrafria.com,ON,Active,ON,Feb 21 2027
buentino.com,ON,Active,ON,Nov 12 2026
burdel.ai,ON,Active,ON,Oct 09 2027
buyslimmeds.com,ON,Active,ON,Dec 01 2026
cancelarsuscripciones.com,ON,Active,OFF,Dec 22 2026
cantar.ai,ON,Active,ON,Sep 29 2027
carboingratos.com,ON,Active,OFF,Jan 17 2027
cavort.ai,ON,Active,ON,Sep 29 2027
cdmx.bet,ON,Active,OFF,Nov 05 2026
cdmx.casino,ON,Active,OFF,Nov 05 2026
cdmx.games,ON,Active,OFF,Nov 05 2026
cerebrado.com,ON,Active,ON,Jan 14 2027
cervefria.com,ON,Active,OFF,Feb 21 2027
cervezahelada.com,ON,Active,ON,Dec 10 2026
cheapslimmeds.com,ON,Active,ON,Dec 01 2026
chelafria.com,ON,Active,ON,Dec 10 2026
chevefria.com,ON,Active,ON,Dec 10 2026
coldbeerportfolio.com,ON,Active,OFF,Feb 21 2027
comeplantas.com,ON,Active,ON,Dec 18 2026
comodejardebeber.com,ON,Active,ON,Dec 22 2026
comprarcasita.com,ON,Active,ON,Feb 16 2027
curebyketo.com,ON,Active,ON,Mar 11 2027
dalai.co,ON,Active,OFF,Oct 18 2026
dalai.fit,ON,Active,OFF,Oct 18 2026
desmadrito.com,ON,Active,OFF,Feb 03 2027
divorcereadykit.com,ON,Active,ON,Apr 26 2027
exaroi.com,ON,Active,ON,Jan 03 2027
fieldlogbook.com,ON,Active,ON,Oct 22 2026
fieldworkorder.com,ON,Active,ON,Oct 24 2026
fightrenthike.com,ON,Active,ON,Apr 26 2027
fotobitacora.com,ON,Active,ON,Oct 22 2026
fusebot.ai,ON,Active,ON,Sep 29 2027
fuxiaballerinas-qro.com,ON,Active,ON,Jul 01 2027
ganalana.com,ON,Active,ON,Oct 17 2026
gastropub.bet,ON,Active,OFF,Nov 20 2026
gastropub.bid,ON,Active,OFF,Nov 20 2026
gastropub.casino,ON,Active,OFF,Nov 20 2026
gastropub.games,ON,Active,OFF,Nov 20 2026
halfpricednames.com,ON,Active,OFF,Dec 18 2026
haymota.com,ON,Active,ON,Jan 31 2027
hipotecahispana.com,ON,Active,ON,Feb 14 2027
hispanoabogado.com,ON,Active,ON,Jan 06 2027
humanoreal.com,ON,Active,ON,Apr 06 2027
humanoscomoservicio.com,ON,Active,ON,Apr 06 2027
iapolitica.com,ON,Active,ON,Feb 11 2027
infancia.ai,ON,Active,ON,Oct 08 2027
juanlauro.com,ON,Active,ON,Jan 05 2027
knowlaw.ai,ON,Active,ON,Oct 14 2027
lahispanic.com,ON,Active,ON,Dec 25 2026
lahispano.net,ON,Active,OFF,Jan 24 2027
lahispano.org,ON,Active,ON,Jan 24 2027
latinoabogado.com,ON,Active,ON,Jan 06 2027
latinomedico.com,ON,Active,ON,Jan 06 2027
lavoiture.ai,ON,Active,ON,Jun 04 2028
laxhispanic.com,ON,Active,OFF,Dec 25 2026
losangeleshispanic.com,ON,Active,ON,Dec 25 2026
mexicannabico.com,ON,Active,ON,Mar 21 2027
mexmota.com,ON,Active,ON,Jan 31 2027
miniterapia.com,ON,Active,OFF,Mar 02 2027
mobileworklog.com,ON,Active,OFF,Oct 22 2026
muyguay.com,ON,Active,ON,Dec 18 2026
muyloca.com,ON,Active,ON,Dec 18 2026
muysabrosa.com,ON,Active,ON,Dec 18 2026
mypatientprep.com,ON,Active,OFF,Apr 04 2027
nobreak.ai,ON,Active,ON,Oct 23 2027
nobreakai.com,ON,Active,OFF,Nov 18 2026
nofail.ai,ON,Active,ON,Oct 26 2027
nofailai.com,ON,Active,OFF,Nov 18 2026
nomoreagi.com,ON,Active,OFF,Jan 04 2027
onegal.net,ON,Active,OFF,Feb 01 2027
oneguy.org,ON,Active,ON,Feb 01 2027
ordendetrabajo.com,ON,Active,ON,Oct 24 2026
pagacasa.com,ON,Active,ON,Dec 07 2026
pagatucasa.com,ON,Active,ON,Dec 07 2026
paguecasa.com,ON,Active,ON,Dec 10 2026
paguesuacasa.com,ON,Active,ON,Dec 10 2026
paguesucasa.com,ON,Active,ON,Feb 10 2027
parardebeber.com,ON,Active,ON,Dec 22 2026
paretobuddy.app,ON,Alert,OFF,Jul 05 2026
paretobuddy.com,ON,Active,OFF,Jun 14 2027
payauto.ai,ON,Active,ON,Dec 15 2027
paybet.ai,ON,Active,ON,Dec 15 2027
paybud.ai,ON,Active,ON,Dec 15 2027
paycar.ai,ON,Active,ON,Dec 03 2027
paycarai.com,ON,Active,OFF,Dec 03 2026
paydeal.ai,ON,Active,ON,Dec 15 2027
payquick.ai,ON,Active,ON,Dec 15 2027
photologbook.com,ON,Active,ON,Oct 22 2026
platicar.ai,ON,Active,ON,Oct 08 2027
pontebuena.com,ON,Active,OFF,Nov 12 2026
pootle.ai,ON,Active,ON,Sep 29 2027
possibleagi.com,ON,Active,ON,Dec 18 2026
poweraiready.com,ON,Active,ON,Jun 03 2027
pruebadehumanidad.com,ON,Active,ON,Apr 06 2027
putero.ai,ON,Active,ON,Oct 09 2027
putero.online,ON,Active,OFF,Oct 13 2026
puticlub.ai,ON,Active,ON,Oct 08 2027
puticlub.online,ON,Active,OFF,Oct 08 2026
puttey.com,ON,Active,ON,Dec 23 2026
quieromota.com,ON,Active,ON,Jan 31 2027
quitesuacasa.com,ON,Active,ON,Feb 15 2027
racita.com,ON,Active,ON,Nov 26 2026
reir.ai,ON,Active,ON,Sep 30 2027
rentahumanos.com,ON,Active,ON,Apr 06 2027
rentapersona.com,ON,Active,ON,Apr 06 2027
roiexa.com,ON,Active,ON,Dec 24 2026
rushify.ai,ON,Active,ON,Sep 29 2027
sandbagai.com,ON,Active,ON,Jan 04 2027
suacasapaga.com,ON,Active,ON,Feb 15 2027
teapuesto.bet,ON,Active,ON,Nov 05 2026
teapuesto.casino,ON,Active,OFF,Nov 03 2026
teapuesto.xyz,ON,Active,OFF,Nov 03 2026
tenlo.ai,ON,Active,ON,Sep 30 2027
theaicustomeracquisition.com,ON,Active,ON,Jan 18 2027
theaileadgenerator.com,ON,Active,ON,Jan 18 2027
tipsketo.com,ON,Active,ON,Jan 17 2027
topaiguys.com,ON,Active,ON,Dec 14 2026
topguys.net,ON,Active,ON,Dec 14 2026
topproducts.ai,ON,Active,ON,Mar 05 2027
topsex.ai,ON,Active,ON,Dec 26 2027
topshelfer.com,ON,Active,ON,Dec 25 2026
turnkeysold.com,ON,Active,ON,Jun 24 2027
umagelada.com,ON,Active,ON,Feb 22 2027
vivemucho.com,ON,Active,ON,Jan 28 2027
whorehouse.ai,ON,Active,ON,Oct 08 2027
